date,temperature_2m_max,temperature_2m_min,precipitation_sum,precipitation_probability_max,wind_speed_10m_max,wind_gusts_10m_max,weather_code,city_name,latitude,longitude,category_vent,category_pluie,category_temperature,risk_score,niveau_risk
2026-09-15,24.3,22.4,0.0,2,34.3,42.1,1,Ad Dakhla,23.725834,-15.966187,Vent fort,faible,agreable,25,faible
2026-09-16,23.7,21.9,0.0,0,35.8,44.6,0,Ad Dakhla,23.725834,-15.966187,Vent fort,faible,agreable,25,faible
2026-09-17,22.1,20.0,0.0,0,42.1,52.9,1,Ad Dakhla,23.725834,-15.966187,Vent fort,faible,agreable,25,faible
2026-09-15,33.2,21.0,0.0,0,16.7,32.4,2,Ad Darwa,33.4375,-7.5625,Vent fort,faible,chaud,30,moyen
2026-09-16,27.8,19.5,0.0,0,17.5,33.8,45,Ad Darwa,33.4375,-7.5625,Vent fort,faible,agreable,20,faible
2026-09-17,27.4,18.8,0.0,0,16.3,31.7,3,Ad Darwa,33.4375,-7.5625,Vent fort,faible,agreable,20,faible
2026-09-15,34.4,26.1,0.0,5,9.0,27.0,3,Agadir,30.4375,-9.5625,moyen,faible,chaud,30,moyen
2026-09-16,38.1,24.5,0.0,0,20.4,49.0,0,Agadir,30.4375,-9.5625,Vent fort,faible,chaud,40,moyen
2026-09-17,28.3,20.9,0.0,0,14.7,40.7,2,Agadir,30.4375,-9.5625,Vent fort,faible,agreable,30,moyen
2026-09-15,32.7,20.0,0.0,0,22.0,43.6,3,Aguelmous,33.125,-5.8125,Vent fort,faible,chaud,40,moyen
2026-09-16,29.3,16.2,0.0,0,17.3,34.6,1,Aguelmous,33.125,-5.8125,Vent fort,faible,agreable,20,faible
2026-09-17,29.0,15.9,0.0,10,19.1,37.4,3,Aguelmous,33.125,-5.8125,Vent fort,faible,agreable,30,moyen
2026-09-15,31.7,20.0,0.0,0,17.6,34.6,0,Ain El Aouda,33.8125,-6.8125,Vent fort,faible,chaud,30,moyen
2026-09-16,27.4,18.6,0.0,0,20.6,40.7,2,Ain El Aouda,33.8125,-6.8125,Vent fort,faible,agreable,30,moyen
2026-09-17,27.4,16.7,0.0,0,16.5,32.4,3,Ain El Aouda,33.8125,-6.8125,Vent fort,faible,agreable,20,faible
2026-09-15,36.5,25.5,0.0,0,20.2,33.8,3,Ait Ali,30.1875,-9.5,Vent fort,faible,chaud,30,moyen
2026-09-16,31.6,22.4,0.0,0,24.9,40.0,1,Ait Ali,30.1875,-9.5,Vent fort,faible,chaud,40,moyen
2026-09-17,27.4,20.9,0.0,0,27.0,43.6,3,Ait Ali,30.1875,-9.5,Vent fort,faible,agreable,30,moyen
2026-09-15,35.0,25.7,0.0,8,15.5,32.0,3,Ait Melloul,30.3125,-9.5,Vent fort,faible,chaud,30,moyen
2026-09-16,30.1,21.7,0.0,0,19.1,35.6,1,Ait Melloul,30.3125,-9.5,Vent fort,faible,chaud,40,moyen
2026-09-17,27.3,21.5,0.0,0,18.8,37.1,2,Ait Melloul,30.3125,-9.5,Vent fort,faible,agreable,30,moyen
2026-09-15,36.1,24.7,0.0,3,22.4,45.4,3,Ait Ourir,31.5625,-7.6875,Vent fort,faible,chaud,40,moyen
2026-09-16,32.9,20.0,0.0,0,14.9,28.1,1,Ait Ourir,31.5625,-7.6875,moyen,faible,chaud,30,moyen
2026-09-17,28.9,17.7,0.0,8,10.0,20.2,3,Ait Ourir,31.5625,-7.6875,moyen,faible,agreable,20,faible
2026-09-15,29.1,18.2,0.0,0,17.1,29.9,45,Al Aaroui,35.0,-3.0,moyen,faible,agreable,20,faible
2026-09-16,32.8,17.6,0.0,0,15.5,27.4,3,Al Aaroui,35.0,-3.0,moyen,faible,chaud,30,moyen
2026-09-17,26.7,17.3,0.0,1,18.9,33.5,3,Al Aaroui,35.0,-3.0,Vent fort,faible,agreable,20,faible
2026-09-15,39.3,22.6,0.0,3,19.3,37.1,2,Al Fqih Ben Çalah,32.5,-6.6875,Vent fort,faible,chaud,40,moyen
2026-09-16,35.4,19.3,0.0,0,17.7,34.6,0,Al Fqih Ben Çalah,32.5,-6.6875,Vent fort,faible,chaud,30,moyen
2026-09-17,32.4,16.4,0.0,3,13.7,25.9,3,Al Fqih Ben Çalah,32.5,-6.6875,moyen,faible,chaud,30,moyen
2026-09-15,26.4,20.2,0.0,0,10.9,19.8,45,Al Hoceïma,35.1875,-3.875,moyen,faible,agreable,5,faible
2026-09-16,28.4,19.7,0.0,0,12.0,23.8,3,Al Hoceïma,35.1875,-3.875,moyen,faible,agreable,20,faible
2026-09-17,25.8,20.0,0.0,3,16.7,30.2,3,Al Hoceïma,35.1875,-3.875,Vent fort,faible,agreable,20,faible
2026-09-15,34.6,20.4,0.0,0,18.2,36.7,0,Al Khmissat,33.8125,-6.0625,Vent fort,faible,chaud,40,moyen
2026-09-16,30.8,18.1,0.0,0,19.2,38.9,1,Al Khmissat,33.8125,-6.0625,Vent fort,faible,chaud,40,moyen
2026-09-17,29.0,16.1,0.0,0,14.9,31.0,3,Al Khmissat,33.8125,-6.0625,Vent fort,faible,agreable,20,faible
2026-09-15,36.5,24.7,0.0,5,26.9,48.2,3,Al ’Attawia,31.8125,-7.3125,Vent fort,faible,chaud,40,moyen
2026-09-16,33.0,19.0,0.0,0,17.0,31.3,0,Al ’Attawia,31.8125,-7.3125,Vent fort,faible,chaud,30,moyen
2026-09-17,29.1,17.2,0.0,5,13.9,26.3,45,Al ’Attawia,31.8125,-7.3125,moyen,faible,agreable,20,faible
2026-09-15,36.9,25.0,2.5,10,18.6,67.7,61,Arfoud,31.4375,-4.25,Vent violent,faible,chaud,50,moyen
2026-09-16,34.4,22.6,0.0,3,11.9,18.0,3,Arfoud,31.4375,-4.25,moyen,faible,chaud,15,faible
2026-09-17,32.7,23.4,0.3,17,23.6,38.5,80,Arfoud,31.4375,-4.25,Vent fort,faible,chaud,40,moyen
2026-09-15,32.1,21.4,0.0,0,18.2,33.5,0,Asilah,35.5,-6.0,Vent fort,faible,chaud,30,moyen
2026-09-16,25.0,19.5,0.0,0,19.7,36.0,3,Asilah,35.5,-6.0,Vent fort,faible,agreable,30,moyen
2026-09-17,24.4,18.8,0.0,1,14.5,27.7,3,Asilah,35.5,-6.0,moyen,faible,agreable,15,faible
2026-09-15,28.8,21.1,0.0,0,17.7,32.0,45,Azemmour,33.3125,-8.3125,Vent fort,faible,agreable,20,faible
2026-09-16,26.2,20.3,0.0,0,18.8,34.2,45,Azemmour,33.3125,-8.3125,Vent fort,faible,agreable,20,faible
2026-09-17,26.5,19.0,0.0,0,15.0,27.7,3,Azemmour,33.3125,-8.3125,moyen,faible,agreable,20,faible
2026-09-15,30.4,20.0,0.1,5,26.0,61.2,3,Aziylal,31.9375,-6.5625,Vent violent,faible,chaud,50,moyen
2026-09-16,26.7,16.1,0.0,0,18.3,39.2,0,Aziylal,31.9375,-6.5625,Vent fort,faible,agreable,30,moyen
2026-09-17,25.3,14.8,0.0,23,15.3,32.0,3,Aziylal,31.9375,-6.5625,Vent fort,faible,froid,20,faible
2026-09-15,29.7,18.3,0.0,0,19.6,42.1,2,Azrou,33.4375,-5.25,Vent fort,faible,agreable,30,moyen
2026-09-16,26.1,14.3,0.0,0,16.4,39.2,1,Azrou,33.4375,-5.25,Vent fort,faible,froid,30,moyen
2026-09-17,25.9,15.1,0.0,23,17.2,37.4,3,Azrou,33.4375,-5.25,Vent fort,faible,agreable,30,moyen
2026-09-15,29.2,21.7,0.0,0,12.2,31.7,45,Aïn Harrouda,33.625,-7.4375,Vent fort,faible,agreable,20,faible
2026-09-16,26.3,20.7,0.0,0,15.2,37.8,45,Aïn Harrouda,33.625,-7.4375,Vent fort,faible,agreable,30,moyen
2026-09-17,26.3,19.7,0.0,0,13.2,33.8,3,Aïn Harrouda,33.625,-7.4375,Vent fort,faible,agreable,20,faible
2026-09-15,34.0,22.3,0.0,0,18.9,37.4,2,Aïn Taoujdat,33.9375,-5.1875,Vent fort,faible,chaud,40,moyen
2026-09-16,31.3,20.3,0.0,0,19.2,39.2,1,Aïn Taoujdat,33.9375,-5.1875,Vent fort,faible,chaud,40,moyen
2026-09-17,28.3,18.2,0.0,5,14.4,28.4,3,Aïn Taoujdat,33.9375,-5.1875,moyen,faible,agreable,20,faible
2026-09-15,35.7,21.4,0.0,0,21.7,39.6,2,Barrechid,33.25,-7.5625,Vent fort,faible,chaud,40,moyen
2026-09-16,29.1,19.2,0.0,0,19.7,35.3,45,Barrechid,33.25,-7.5625,Vent fort,faible,agreable,30,moyen
2026-09-17,28.1,18.4,0.0,0,17.9,32.8,3,Barrechid,33.25,-7.5625,Vent fort,faible,agreable,20,faible
2026-09-15,30.6,20.2,0.0,0,17.1,31.7,45,Beni Yakhlef,33.625,-7.3125,Vent fort,faible,chaud,30,moyen
2026-09-16,27.0,19.5,0.0,0,19.1,34.9,45,Beni Yakhlef,33.625,-7.3125,Vent fort,faible,agreable,20,faible
2026-09-17,26.7,19.0,0.0,0,17.2,31.7,3,Beni Yakhlef,33.625,-7.3125,Vent fort,faible,agreable,20,faible
2026-09-15,37.2,24.5,0.0,3,23.1,46.1,3,Ben Guerir,32.25,-7.9375,Vent fort,faible,chaud,40,moyen
2026-09-16,32.4,19.6,0.0,0,20.2,40.0,1,Ben Guerir,32.25,-7.9375,Vent fort,faible,chaud,40,moyen
2026-09-17,29.1,16.7,0.0,0,15.7,32.0,3,Ben Guerir,32.25,-7.9375,Vent fort,faible,agreable,20,faible
2026-09-15,27.3,17.8,0.0,0,12.8,27.4,2,Berkane,34.9375,-2.3125,moyen,faible,agreable,20,faible
2026-09-16,31.6,17.3,0.0,0,13.2,33.1,1,Berkane,34.9375,-2.3125,Vent fort,faible,chaud,30,moyen
2026-09-17,26.0,18.5,0.0,3,14.3,30.6,3,Berkane,34.9375,-2.3125,Vent fort,faible,agreable,20,faible
2026-09-15,38.2,26.8,0.0,3,21.4,34.9,2,Biougra,30.1875,-9.375,Vent fort,faible,chaud,30,moyen
2026-09-16,33.5,23.4,0.0,0,29.4,49.0,2,Biougra,30.1875,-9.375,Vent fort,faible,chaud,40,moyen
2026-09-17,27.9,21.1,0.0,0,32.9,54.7,3,Biougra,30.1875,-9.375,Vent fort,faible,agreable,30,moyen
2026-09-15,29.6,20.8,0.0,0,16.9,32.4,45,Bir Jdid,33.375,-8.0,Vent fort,faible,agreable,20,faible
2026-09-16,26.1,20.0,0.0,0,18.7,35.6,45,Bir Jdid,33.375,-8.0,Vent fort,faible,agreable,30,moyen
2026-09-17,26.4,18.5,0.0,0,17.3,33.1,3,Bir Jdid,33.375,-8.0,Vent fort,faible,agreable,20,faible
2026-09-15,36.8,23.7,0.0,3,20.9,38.5,3,Boujad,32.75,-6.375,Vent fort,faible,chaud,40,moyen
2026-09-16,32.7,18.5,0.0,0,16.7,31.3,1,Boujad,32.75,-6.375,Vent fort,faible,chaud,30,moyen
2026-09-17,30.9,16.9,0.0,3,17.7,33.1,3,Boujad,32.75,-6.375,Vent fort,faible,chaud,30,moyen
2026-09-15,26.4,21.0,0.0,0,15.8,27.0,45,Bouknadel,34.1875,-6.6875,moyen,faible,agreable,20,faible
2026-09-16,25.4,20.9,0.0,0,18.5,32.0,2,Bouknadel,34.1875,-6.6875,Vent fort,faible,agreable,20,faible
2026-09-17,25.2,19.2,0.0,0,13.0,23.4,3,Bouknadel,34.1875,-6.6875,moyen,faible,agreable,20,faible
2026-09-15,32.6,21.0,0.0,0,14.9,36.7,45,Bouskoura,33.4375,-7.625,Vent fort,faible,chaud,40,moyen
2026-09-16,27.1,19.8,0.0,0,16.2,39.2,45,Bouskoura,33.4375,-7.625,Vent fort,faible,agreable,30,moyen
2026-09-17,26.9,19.1,0.0,0,15.3,37.4,3,Bouskoura,33.4375,-7.625,Vent fort,faible,agreable,30,moyen
2026-09-15,32.0,20.1,0.4,13,9.8,19.1,80,Bou Arfa,32.5,-1.9375,moyen,faible,chaud,15,faible
2026-09-16,29.5,19.1,0.0,0,16.3,25.6,3,Bou Arfa,32.5,-1.9375,moyen,faible,agreable,20,faible
2026-09-17,29.4,17.6,0.3,15,22.3,37.1,3,Bou Arfa,32.5,-1.9375,Vent fort,faible,agreable,30,moyen
2026-09-15,36.6,25.9,0.1,5,20.3,42.8,3,Béni Mellal,32.3125,-6.375,Vent fort,faible,chaud,40,moyen
2026-09-16,32.9,22.1,0.0,0,17.1,36.0,0,Béni Mellal,32.3125,-6.375,Vent fort,faible,chaud,40,moyen
2026-09-17,29.9,18.7,0.0,5,11.8,24.1,3,Béni Mellal,32.3125,-6.375,moyen,faible,agreable,20,faible
2026-09-15,32.5,24.3,0.0,0,25.7,45.0,2,Cabo Bojador,26.115992,-14.490692,Vent fort,faible,chaud,40,moyen
2026-09-16,28.9,21.9,0.0,0,28.2,50.8,0,Cabo Bojador,26.115992,-14.490692,Vent fort,faible,agreable,30,moyen
2026-09-17,25.4,20.7,0.0,0,33.8,60.1,3,Cabo Bojador,26.115992,-14.490692,Vent violent,faible,agreable,40,moyen
2026-09-15,28.8,21.7,0.0,0,11.0,30.6,45,Casablanca,33.5625,-7.625,Vent fort,faible,agreable,20,faible
2026-09-16,25.9,21.1,0.0,0,14.3,36.4,45,Casablanca,33.5625,-7.625,Vent fort,faible,agreable,30,moyen
2026-09-17,25.8,19.9,0.0,0,11.7,33.5,3,Casablanca,33.5625,-7.625,Vent fort,faible,agreable,20,faible
2026-09-15,38.7,25.2,0.0,5,26.0,41.8,2,Chichaoua,31.5625,-8.75,Vent fort,faible,chaud,40,moyen
2026-09-16,34.9,21.6,0.0,0,23.1,37.4,0,Chichaoua,31.5625,-8.75,Vent fort,faible,chaud,40,moyen
2026-09-17,30.0,18.2,0.0,0,21.0,33.1,3,Chichaoua,31.5625,-8.75,Vent fort,faible,chaud,30,moyen
2026-09-15,33.5,22.6,0.0,8,19.5,43.9,3,Demnat,31.75,-7.0625,Vent fort,faible,chaud,40,moyen
2026-09-16,30.0,17.6,0.0,0,17.6,33.5,0,Demnat,31.75,-7.0625,Vent fort,faible,chaud,30,moyen
2026-09-17,26.4,15.6,0.0,13,14.4,28.4,45,Demnat,31.75,-7.0625,moyen,faible,agreable,20,faible
2026-09-15,33.7,21.8,0.0,0,18.3,40.3,2,Douar Toulal,33.875,-5.625,Vent fort,faible,chaud,40,moyen
2026-09-16,30.4,18.9,0.0,0,18.0,39.2,1,Douar Toulal,33.875,-5.625,Vent fort,faible,chaud,40,moyen
2026-09-17,28.2,17.6,0.0,3,14.7,33.1,45,Douar Toulal,33.875,-5.625,Vent fort,faible,agreable,20,faible
2026-09-15,32.2,16.8,0.0,0,14.3,24.1,3,El Aïoun,34.5625,-2.5,moyen,faible,chaud,30,moyen
2026-09-16,32.2,15.5,0.0,0,22.6,38.2,0,El Aïoun,34.5625,-2.5,Vent fort,faible,chaud,40,moyen
2026-09-17,29.6,16.2,0.1,8,18.8,31.3,3,El Aïoun,34.5625,-2.5,Vent fort,faible,agreable,20,faible
2026-09-15,32.1,21.7,0.0,0,20.6,42.8,1,El Hajeb,33.6875,-5.375,Vent fort,faible,chaud,40,moyen
2026-09-16,28.4,17.9,0.0,0,18.7,39.2,2,El Hajeb,33.6875,-5.375,Vent fort,faible,agreable,30,moyen
2026-09-17,25.9,16.0,0.0,11,17.6,38.2,3,El Hajeb,33.6875,-5.375,Vent fort,faible,agreable,30,moyen
2026-09-15,26.8,21.5,0.0,0,16.5,29.9,45,El Jadid,33.25,-8.4375,moyen,faible,agreable,20,faible
2026-09-16,24.9,21.1,0.0,0,19.1,33.5,45,El Jadid,33.25,-8.4375,Vent fort,faible,agreable,15,faible
2026-09-17,25.4,20.0,0.0,0,15.2,27.7,3,El Jadid,33.25,-8.4375,moyen,faible,agreable,20,faible
2026-09-15,38.2,25.6,0.1,3,19.4,33.8,3,El Kelaa Des Srarhna,32.0625,-7.375,Vent fort,faible,chaud,30,moyen
2026-09-16,34.2,20.8,0.0,0,19.3,33.5,0,El Kelaa Des Srarhna,32.0625,-7.375,Vent fort,faible,chaud,30,moyen
2026-09-17,30.2,17.1,0.0,3,15.3,26.6,3,El Kelaa Des Srarhna,32.0625,-7.375,moyen,faible,chaud,30,moyen
2026-09-15,34.7,24.3,0.3,23,30.4,60.5,61,Errachidia,31.9375,-4.4375,Vent violent,faible,chaud,50,moyen
2026-09-16,32.9,21.1,0.0,3,20.9,41.0,1,Errachidia,31.9375,-4.4375,Vent fort,faible,chaud,40,moyen
2026-09-17,31.3,21.6,0.6,30,15.6,32.0,80,Errachidia,31.9375,-4.4375,Vent fort,faible,chaud,30,moyen
2026-09-15,27.6,22.7,0.0,3,24.6,46.1,3,Essaouira,31.5,-9.75,Vent fort,faible,agreable,30,moyen
2026-09-16,25.3,20.2,0.0,0,36.3,67.0,1,Essaouira,31.5,-9.75,Vent violent,faible,agreable,40,moyen
2026-09-17,24.3,19.2,0.0,0,29.2,53.6,2,Essaouira,31.5,-9.75,Vent fort,faible,agreable,25,faible
2026-09-15,27.5,21.3,0.0,0,11.3,22.3,2,Fnidq,35.8125,-5.375,moyen,faible,agreable,20,faible
2026-09-16,30.1,20.4,0.0,0,32.3,62.6,1,Fnidq,35.8125,-5.375,Vent violent,faible,chaud,50,moyen
2026-09-17,26.6,18.0,0.0,0,14.0,28.1,3,Fnidq,35.8125,-5.375,moyen,faible,agreable,20,faible
2026-09-15,34.6,23.8,0.0,0,14.4,37.1,1,Fès,34.0625,-5.0,Vent fort,faible,chaud,40,moyen
2026-09-16,31.2,20.9,0.0,0,16.9,40.7,1,Fès,34.0625,-5.0,Vent fort,faible,chaud,40,moyen
2026-09-17,29.5,18.7,0.0,5,11.7,31.3,3,Fès,34.0625,-5.0,Vent fort,faible,agreable,20,faible
2026-09-15,38.5,25.3,0.0,0,25.6,41.4,0,Guelmim,28.998241,-10.114685,Vent fort,faible,chaud,40,moyen
2026-09-16,36.6,21.1,0.0,0,32.1,52.9,0,Guelmim,28.998241,-10.114685,Vent fort,faible,chaud,40,moyen
2026-09-17,24.8,18.5,0.0,0,29.0,48.2,3,Guelmim,28.998241,-10.114685,Vent fort,faible,agreable,25,faible
2026-09-15,33.4,18.9,0.0,0,24.0,42.8,3,Guercif,34.25,-3.375,Vent fort,faible,chaud,40,moyen
2026-09-16,34.5,19.1,0.0,3,25.7,45.7,1,Guercif,34.25,-3.375,Vent fort,faible,chaud,40,moyen
2026-09-17,30.5,20.1,0.0,9,27.7,52.2,3,Guercif,34.25,-3.375,Vent fort,faible,chaud,40,moyen
2026-09-15,33.6,25.5,0.0,5,26.5,46.1,3,Imi-N-Tanout,31.1875,-8.875,Vent fort,faible,chaud,40,moyen
2026-09-16,30.4,20.2,0.0,0,24.9,44.6,1,Imi-N-Tanout,31.1875,-8.875,Vent fort,faible,chaud,40,moyen
2026-09-17,25.3,16.5,0.0,0,18.3,31.7,45,Imi-N-Tanout,31.1875,-8.875,Vent fort,faible,agreable,20,faible
2026-09-15,27.1,19.8,0.0,0,11.5,21.6,45,Imzouren,35.125,-3.875,moyen,faible,agreable,20,faible
2026-09-16,29.5,20.8,0.0,0,11.7,24.5,3,Imzouren,35.125,-3.875,moyen,faible,agreable,20,faible
2026-09-17,26.0,19.3,0.0,5,17.1,31.0,45,Imzouren,35.125,-3.875,Vent fort,faible,agreable,20,faible
2026-09-15,32.6,24.1,0.0,8,10.2,27.7,3,Inezgane,30.375,-9.5625,moyen,faible,chaud,30,moyen
2026-09-16,32.7,21.6,0.0,0,12.0,33.8,45,Inezgane,30.375,-9.5625,Vent fort,faible,chaud,30,moyen
2026-09-17,26.4,21.0,0.0,0,14.4,41.8,3,Inezgane,30.375,-9.5625,Vent fort,faible,agreable,30,moyen
2026-09-15,30.8,19.2,0.0,0,18.8,35.6,3,Jerada,34.3125,-2.1875,Vent fort,faible,chaud,40,moyen
2026-09-16,29.3,18.3,0.0,0,22.7,42.8,0,Jerada,34.3125,-2.1875,Vent fort,faible,agreable,30,moyen
2026-09-17,28.8,17.2,0.1,15,19.9,45.7,3,Jerada,34.3125,-2.1875,Vent fort,faible,agreable,30,moyen
2026-09-15,29.1,21.2,0.0,0,13.0,32.4,45,Kenitra,34.25,-6.5625,Vent fort,faible,agreable,20,faible
2026-09-16,26.9,20.8,0.0,0,16.8,40.7,2,Kenitra,34.25,-6.5625,Vent fort,faible,agreable,30,moyen
2026-09-17,26.9,19.0,0.0,0,12.8,31.7,3,Kenitra,34.25,-6.5625,Vent fort,faible,agreable,20,faible
2026-09-15,35.2,20.1,0.0,3,20.0,39.2,3,Khénifra,32.9375,-5.6875,Vent fort,faible,chaud,40,moyen
2026-09-16,31.4,16.3,0.0,0,15.1,29.2,1,Khénifra,32.9375,-5.6875,moyen,faible,chaud,30,moyen
2026-09-17,31.2,15.8,0.0,15,18.1,34.2,3,Khénifra,32.9375,-5.6875,Vent fort,faible,chaud,30,moyen
2026-09-15,34.6,23.0,0.0,3,24.6,47.9,3,Kouribga,32.875,-6.875,Vent fort,faible,chaud,40,moyen
2026-09-16,31.0,17.4,0.0,0,18.9,35.6,2,Kouribga,32.875,-6.875,Vent fort,faible,chaud,40,moyen
2026-09-17,28.6,13.9,0.0,0,19.2,36.0,2,Kouribga,32.875,-6.875,Vent fort,faible,froid,30,moyen
2026-09-15,35.7,20.9,0.0,0,23.9,46.1,45,Ksar El Kebir,35.0,-5.875,Vent fort,faible,chaud,40,moyen
2026-09-16,30.3,20.0,0.0,0,17.3,34.2,3,Ksar El Kebir,35.0,-5.875,Vent fort,faible,chaud,30,moyen
2026-09-17,30.0,19.3,0.0,1,18.9,36.4,3,Ksar El Kebir,35.0,-5.875,Vent fort,faible,chaud,40,moyen
2026-09-15,30.2,19.4,0.0,0,22.9,43.2,1,Larache,35.1875,-6.125,Vent fort,faible,chaud,40,moyen
2026-09-16,27.4,18.5,0.0,0,17.1,32.8,45,Larache,35.1875,-6.125,Vent fort,faible,agreable,20,faible
2026-09-17,26.5,18.6,0.0,1,16.7,31.3,3,Larache,35.1875,-6.125,Vent fort,faible,agreable,20,faible
2026-09-15,40.1,25.2,0.0,0,26.1,50.4,0,Laâyoune,27.170473,-13.229401,Vent fort,faible,Chaleur Extrême,50,moyen
2026-09-16,36.4,22.1,0.0,0,26.2,50.4,0,Laâyoune,27.170473,-13.229401,Vent fort,faible,chaud,40,moyen
2026-09-17,28.6,21.5,0.0,0,30.6,58.0,3,Laâyoune,27.170473,-13.229401,Vent fort,faible,agreable,30,moyen
2026-09-15,36.5,25.8,0.0,3,15.9,36.0,3,Lqoliaa,30.3125,-9.4375,Vent fort,faible,chaud,40,moyen
2026-09-16,31.6,21.7,0.0,0,22.3,43.9,1,Lqoliaa,30.3125,-9.4375,Vent fort,faible,chaud,40,moyen
2026-09-17,28.1,21.2,0.0,0,20.0,42.8,3,Lqoliaa,30.3125,-9.4375,Vent fort,faible,agreable,30,moyen
2026-09-15,38.1,25.6,0.0,3,11.5,31.0,3,Marrakech,31.625,-8.0,Vent fort,faible,chaud,30,moyen
2026-09-16,34.8,21.7,0.0,0,12.7,34.6,0,Marrakech,31.625,-8.0,Vent fort,faible,chaud,30,moyen
2026-09-17,30.5,19.1,0.0,0,9.6,27.7,3,Marrakech,31.625,-8.0,moyen,faible,chaud,30,moyen
2026-09-15,26.7,21.7,0.0,0,10.1,24.5,2,Martil,35.625,-5.3125,moyen,faible,agreable,20,faible
2026-09-16,32.9,20.7,0.0,0,28.9,65.2,1,Martil,35.625,-5.3125,Vent violent,faible,chaud,50,moyen
2026-09-17,25.5,17.0,0.0,0,14.7,33.1,3,Martil,35.625,-5.3125,Vent fort,faible,agreable,20,faible
2026-09-15,34.6,20.8,0.0,0,19.4,35.6,45,Mechraa Bel Ksiri,34.5625,-5.9375,Vent fort,faible,chaud,40,moyen
2026-09-16,29.9,19.6,0.0,0,20.5,37.4,2,Mechraa Bel Ksiri,34.5625,-5.9375,Vent fort,faible,agreable,30,moyen
2026-09-17,29.7,18.8,0.0,0,17.8,33.1,3,Mechraa Bel Ksiri,34.5625,-5.9375,Vent fort,faible,agreable,20,faible
2026-09-15,33.5,20.8,0.0,0,18.1,32.4,45,Mediouna,33.4375,-7.5,Vent fort,faible,chaud,30,moyen
2026-09-16,28.1,19.4,0.0,0,18.1,33.1,45,Mediouna,33.4375,-7.5,Vent fort,faible,agreable,20,faible
2026-09-17,27.6,18.7,0.0,0,16.6,30.6,3,Mediouna,33.4375,-7.5,Vent fort,faible,agreable,20,faible
2026-09-15,27.7,21.0,0.0,0,12.6,28.1,45,Mehdya,34.25,-6.625,moyen,faible,agreable,20,faible
2026-09-16,26.4,21.0,0.0,0,16.3,36.4,3,Mehdya,34.25,-6.625,Vent fort,faible,agreable,30,moyen
2026-09-17,26.3,19.3,0.0,0,12.1,28.1,3,Mehdya,34.25,-6.625,moyen,faible,agreable,20,faible
2026-09-15,33.4,21.8,0.0,0,16.0,41.0,2,Meknès,33.875,-5.5625,Vent fort,faible,chaud,40,moyen
2026-09-16,30.1,18.9,0.0,0,16.1,40.0,2,Meknès,33.875,-5.5625,Vent fort,faible,chaud,40,moyen
2026-09-17,27.8,17.5,0.0,3,13.2,33.8,3,Meknès,33.875,-5.5625,Vent fort,faible,agreable,20,faible
2026-09-15,29.9,18.2,0.0,8,22.6,38.9,3,Midalt,32.6875,-4.75,Vent fort,faible,agreable,30,moyen
2026-09-16,27.1,17.3,0.0,0,22.0,40.0,2,Midalt,32.6875,-4.75,Vent fort,faible,agreable,30,moyen
2026-09-17,26.9,14.4,1.3,38,16.1,31.7,80,Midalt,32.6875,-4.75,Vent fort,faible,froid,20,faible
2026-09-15,35.4,20.6,0.0,10,19.1,34.2,3,Missour,33.0625,-4.0,Vent fort,faible,chaud,30,moyen
2026-09-16,32.5,19.1,0.0,0,20.1,32.4,1,Missour,33.0625,-4.0,Vent fort,faible,chaud,30,moyen
2026-09-17,30.6,17.5,0.5,25,22.4,34.6,80,Missour,33.0625,-4.0,Vent fort,faible,chaud,30,moyen
2026-09-15,27.6,21.2,0.0,0,12.6,30.2,45,Mohammedia,33.6875,-7.375,Vent fort,faible,agreable,20,faible
2026-09-16,25.7,20.8,0.0,0,15.6,37.4,2,Mohammedia,33.6875,-7.375,Vent fort,faible,agreable,30,moyen
2026-09-17,25.4,20.0,0.0,0,13.3,31.0,3,Mohammedia,33.6875,-7.375,Vent fort,faible,agreable,20,faible
2026-09-15,28.9,21.7,0.0,0,20.4,32.0,45,Moulay Abdallah,33.1875,-8.5625,Vent fort,faible,agreable,20,faible
2026-09-16,25.9,21.2,0.0,0,21.2,33.5,45,Moulay Abdallah,33.1875,-8.5625,Vent fort,faible,agreable,20,faible
2026-09-17,26.5,19.6,0.0,0,18.9,29.5,3,Moulay Abdallah,33.1875,-8.5625,moyen,faible,agreable,20,faible
2026-09-15,27.6,19.4,0.0,0,23.7,38.9,45,Moulay Bousselham,34.875,-6.25,Vent fort,faible,agreable,30,moyen
2026-09-16,25.5,19.2,0.0,0,17.7,29.9,45,Moulay Bousselham,34.875,-6.25,moyen,faible,agreable,20,faible
2026-09-17,25.1,18.7,0.0,0,17.6,29.2,3,Moulay Bousselham,34.875,-6.25,moyen,faible,agreable,20,faible
2026-09-15,33.7,19.7,0.0,0,21.3,42.1,3,Mrirt,33.1875,-5.5625,Vent fort,faible,chaud,40,moyen
2026-09-16,30.1,14.8,0.0,0,18.5,37.1,3,Mrirt,33.1875,-5.5625,Vent fort,faible,chaud,40,moyen
2026-09-17,30.3,15.2,0.0,24,19.1,42.5,3,Mrirt,33.1875,-5.5625,Vent fort,faible,chaud,40,moyen
2026-09-15,35.1,25.5,0.0,8,12.2,28.4,3,My Drarga,30.375,-9.5,moyen,faible,chaud,30,moyen
2026-09-16,32.1,22.6,0.0,0,15.3,36.0,45,My Drarga,30.375,-9.5,Vent fort,faible,chaud,40,moyen
2026-09-17,27.3,20.9,0.0,0,19.9,44.3,3,My Drarga,30.375,-9.5,Vent fort,faible,agreable,30,moyen
2026-09-15,26.6,21.5,0.0,0,10.1,24.5,2,M’Diq,35.625,-5.3125,moyen,faible,agreable,20,faible
2026-09-16,32.7,20.6,0.0,0,28.9,65.2,1,M’Diq,35.625,-5.3125,Vent violent,faible,chaud,50,moyen
2026-09-17,25.3,16.9,0.0,0,14.7,33.1,3,M’Diq,35.625,-5.3125,Vent fort,faible,agreable,20,faible
2026-09-15,26.7,21.7,0.0,0,11.3,26.6,3,Nador,35.1875,-2.9375,moyen,faible,agreable,20,faible
2026-09-16,29.8,21.7,0.0,0,10.2,26.3,2,Nador,35.1875,-2.9375,moyen,faible,agreable,20,faible
2026-09-17,26.0,21.4,0.2,1,13.6,30.6,3,Nador,35.1875,-2.9375,Vent fort,faible,agreable,20,faible
2026-09-15,35.4,22.9,0.0,0,22.6,44.6,3,Oued Zem,32.875,-6.5625,Vent fort,faible,chaud,40,moyen
2026-09-16,31.7,18.1,0.0,0,17.1,34.9,1,Oued Zem,32.875,-6.5625,Vent fort,faible,chaud,30,moyen
2026-09-17,30.4,15.7,0.0,3,19.5,38.9,2,Oued Zem,32.875,-6.5625,Vent fort,faible,chaud,40,moyen
2026-09-15,35.1,19.8,0.0,0,22.3,42.8,0,Ouezzane,34.8125,-5.625,Vent fort,faible,chaud,40,moyen
2026-09-16,30.3,17.3,0.0,0,17.6,34.6,3,Ouezzane,34.8125,-5.625,Vent fort,faible,chaud,30,moyen
2026-09-17,29.8,16.6,0.0,1,21.4,41.8,3,Ouezzane,34.8125,-5.625,Vent fort,faible,agreable,30,moyen
2026-09-15,31.2,16.2,0.0,0,18.1,37.4,3,Oujda-Angad,34.6875,-1.9375,Vent fort,faible,chaud,40,moyen
2026-09-16,32.3,15.5,0.0,0,19.1,39.6,0,Oujda-Angad,34.6875,-1.9375,Vent fort,faible,chaud,40,moyen
2026-09-17,27.6,16.1,0.2,9,18.4,39.2,3,Oujda-Angad,34.6875,-1.9375,Vent fort,faible,agreable,30,moyen
2026-09-15,38.7,25.4,0.0,13,22.0,39.6,3,Oulad Barhil,30.625,-8.5,Vent fort,faible,chaud,40,moyen
2026-09-16,36.4,22.3,0.0,3,26.2,47.5,1,Oulad Barhil,30.625,-8.5,Vent fort,faible,chaud,40,moyen
2026-09-17,29.7,18.1,0.0,3,30.5,53.6,3,Oulad Barhil,30.625,-8.5,Vent fort,faible,agreable,30,moyen
2026-09-15,34.3,23.6,0.0,0,16.6,31.7,2,Oulad Tayeb,33.9375,-5.0,Vent fort,faible,chaud,30,moyen
2026-09-16,31.1,21.0,0.0,0,16.7,31.7,1,Oulad Tayeb,33.9375,-5.0,Vent fort,faible,chaud,30,moyen
2026-09-17,29.2,18.4,0.0,5,13.3,26.3,45,Oulad Tayeb,33.9375,-5.0,moyen,faible,agreable,20,faible
2026-09-15,39.6,26.3,0.0,3,19.7,37.8,3,Oulad Teïma,30.375,-9.1875,Vent fort,faible,chaud,40,moyen
2026-09-16,35.3,22.1,0.0,0,21.2,40.3,2,Oulad Teïma,30.375,-9.1875,Vent fort,faible,chaud,40,moyen
2026-09-17,29.8,20.2,0.0,0,27.2,51.1,3,Oulad Teïma,30.375,-9.1875,Vent fort,faible,agreable,30,moyen
2026-09-15,38.7,25.5,0.0,3,18.7,37.1,3,Oulad Yaïch,32.4375,-6.3125,Vent fort,faible,chaud,40,moyen
2026-09-16,34.9,21.7,0.0,0,12.2,23.0,0,Oulad Yaïch,32.4375,-6.3125,moyen,faible,chaud,30,moyen
2026-09-17,31.9,17.7,0.0,3,11.1,19.8,3,Oulad Yaïch,32.4375,-6.3125,moyen,faible,chaud,15,faible
2026-09-15,38.6,22.9,0.0,3,19.0,34.9,2,Qasbat Tadla,32.625,-6.25,Vent fort,faible,chaud,30,moyen
2026-09-16,34.5,18.7,0.0,0,14.6,27.7,0,Qasbat Tadla,32.625,-6.25,moyen,faible,chaud,30,moyen
2026-09-17,32.3,17.5,0.0,3,11.9,22.7,3,Qasbat Tadla,32.625,-6.25,moyen,faible,chaud,30,moyen
2026-09-15,28.2,21.6,0.0,0,12.3,31.7,45,Rabat,34.0,-6.8125,Vent fort,faible,agreable,20,faible
2026-09-16,26.2,20.9,0.0,0,15.5,38.5,3,Rabat,34.0,-6.8125,Vent fort,faible,agreable,30,moyen
2026-09-17,26.3,19.6,0.0,0,12.0,31.7,3,Rabat,34.0,-6.8125,Vent fort,faible,agreable,20,faible
2026-09-15,34.1,22.8,0.0,0,22.9,42.8,3,Safi,32.3125,-9.25,Vent fort,faible,chaud,40,moyen
2026-09-16,27.5,20.8,0.0,0,27.5,49.7,2,Safi,32.3125,-9.25,Vent fort,faible,agreable,30,moyen
2026-09-17,25.3,19.2,0.0,0,20.4,36.7,3,Safi,32.3125,-9.25,Vent fort,faible,agreable,30,moyen
2026-09-15,28.1,21.6,0.0,0,12.3,31.7,45,Sale,34.0,-6.8125,Vent fort,faible,agreable,20,faible
2026-09-16,26.2,20.8,0.0,0,15.5,38.5,3,Sale,34.0,-6.8125,Vent fort,faible,agreable,30,moyen
2026-09-17,26.3,19.6,0.0,0,12.0,31.7,3,Sale,34.0,-6.8125,Vent fort,faible,agreable,20,faible
2026-09-15,38.3,24.6,0.0,3,24.0,45.4,3,Sebt Gzoula,32.125,-9.0625,Vent fort,faible,chaud,40,moyen
2026-09-16,31.3,20.7,0.0,0,21.0,39.2,2,Sebt Gzoula,32.125,-9.0625,Vent fort,faible,chaud,40,moyen
2026-09-17,28.3,18.2,0.0,0,18.1,34.6,3,Sebt Gzoula,32.125,-9.0625,Vent fort,faible,agreable,20,faible
2026-09-15,32.6,23.6,0.0,0,17.9,38.5,2,Sefrou,33.8125,-4.8125,Vent fort,faible,chaud,40,moyen
2026-09-16,29.1,19.4,0.0,0,17.3,37.8,1,Sefrou,33.8125,-4.8125,Vent fort,faible,agreable,30,moyen
2026-09-17,26.5,17.5,0.0,10,16.3,35.6,3,Sefrou,33.8125,-4.8125,Vent fort,faible,agreable,30,moyen
2026-09-15,41.0,27.0,0.0,1,27.3,47.5,0,Semara,26.74868,-11.648254,Vent fort,faible,Chaleur Extrême,50,moyen
2026-09-16,39.5,24.7,0.0,0,32.1,54.7,0,Semara,26.74868,-11.648254,Vent fort,faible,chaud,40,moyen
2026-09-17,31.6,20.3,0.0,0,29.2,49.7,3,Semara,26.74868,-11.648254,Vent fort,faible,chaud,40,moyen
2026-09-15,36.1,23.3,0.0,0,23.9,50.0,2,Settat,33.0,-7.625,Vent fort,faible,chaud,40,moyen
2026-09-16,29.7,19.3,0.0,0,19.0,39.2,2,Settat,33.0,-7.625,Vent fort,faible,agreable,30,moyen
2026-09-17,28.1,17.2,0.0,0,17.5,36.7,45,Settat,33.0,-7.625,Vent fort,faible,agreable,30,moyen
2026-09-15,37.3,21.1,0.0,3,26.2,45.7,3,Sidi Bennour,32.625,-8.4375,Vent fort,faible,chaud,40,moyen
2026-09-16,30.3,18.4,0.0,0,22.7,39.2,2,Sidi Bennour,32.625,-8.4375,Vent fort,faible,chaud,40,moyen
2026-09-17,28.6,17.5,0.0,0,20.2,35.3,3,Sidi Bennour,32.625,-8.4375,Vent fort,faible,agreable,30,moyen
2026-09-15,38.6,24.8,0.0,5,24.3,40.0,3,Sidi Lmokhtar,31.5625,-9.0,Vent fort,faible,chaud,40,moyen
2026-09-16,34.4,21.7,0.0,0,23.9,41.4,1,Sidi Lmokhtar,31.5625,-9.0,Vent fort,faible,chaud,40,moyen
2026-09-17,29.6,17.7,0.0,0,23.4,39.2,3,Sidi Lmokhtar,31.5625,-9.0,Vent fort,faible,agreable,30,moyen
2026-09-15,34.7,21.8,0.0,0,18.2,39.2,0,Sidi Qacem,34.1875,-5.6875,Vent fort,faible,chaud,40,moyen
2026-09-16,31.5,20.6,0.0,0,19.6,41.8,2,Sidi Qacem,34.1875,-5.6875,Vent fort,faible,chaud,40,moyen
2026-09-17,30.1,18.5,0.0,0,14.5,31.3,3,Sidi Qacem,34.1875,-5.6875,Vent fort,faible,chaud,30,moyen
2026-09-15,34.8,21.0,0.0,0,18.1,37.8,1,Sidi Slimane,34.25,-5.9375,Vent fort,faible,chaud,40,moyen
2026-09-16,31.1,20.3,0.0,0,20.5,43.6,2,Sidi Slimane,34.25,-5.9375,Vent fort,faible,chaud,40,moyen
2026-09-17,30.1,18.9,0.0,0,15.5,33.1,3,Sidi Slimane,34.25,-5.9375,Vent fort,faible,chaud,30,moyen
2026-09-15,35.5,21.5,0.0,0,23.4,41.4,3,Sidi Smai’Il,32.8125,-8.5,Vent fort,faible,chaud,40,moyen
2026-09-16,28.7,19.4,0.0,0,20.9,36.4,2,Sidi Smai’Il,32.8125,-8.5,Vent fort,faible,agreable,30,moyen
2026-09-17,27.8,18.4,0.0,0,17.9,31.0,3,Sidi Smai’Il,32.8125,-8.5,Vent fort,faible,agreable,20,faible
2026-09-15,31.8,20.8,0.0,0,17.9,32.8,45,Sidi Yahia El Gharb,34.3125,-6.3125,Vent fort,faible,chaud,30,moyen
2026-09-16,28.4,20.3,0.0,0,22.2,39.2,2,Sidi Yahia El Gharb,34.3125,-6.3125,Vent fort,faible,agreable,30,moyen
2026-09-17,28.0,18.3,0.0,0,16.3,30.2,3,Sidi Yahia El Gharb,34.3125,-6.3125,Vent fort,faible,agreable,20,faible
2026-09-15,32.6,20.7,0.0,0,18.5,37.4,0,Sidi Yahya Zaer,33.6875,-6.875,Vent fort,faible,chaud,40,moyen
2026-09-16,27.9,18.5,0.0,0,20.8,41.4,2,Sidi Yahya Zaer,33.6875,-6.875,Vent fort,faible,agreable,30,moyen
2026-09-17,27.3,16.1,0.0,0,17.4,35.3,45,Sidi Yahya Zaer,33.6875,-6.875,Vent fort,faible,agreable,30,moyen
2026-09-15,26.7,21.2,0.0,0,12.5,28.1,45,Skhirate,33.875,-7.0,moyen,faible,agreable,20,faible
2026-09-16,25.1,20.5,0.0,0,16.2,36.0,2,Skhirate,33.875,-7.0,Vent fort,faible,agreable,30,moyen
2026-09-17,24.9,19.4,0.0,0,13.2,29.5,3,Skhirate,33.875,-7.0,moyen,faible,agreable,15,faible
2026-09-15,35.7,22.4,0.0,0,19.9,37.1,0,Souk Et Tnine Jorf El Mellah,34.5,-5.5,Vent fort,faible,chaud,40,moyen
2026-09-16,31.4,19.5,0.0,0,19.8,37.4,2,Souk Et Tnine Jorf El Mellah,34.5,-5.5,Vent fort,faible,chaud,40,moyen
2026-09-17,30.7,19.4,0.0,1,15.7,28.4,3,Souk Et Tnine Jorf El Mellah,34.5,-5.5,moyen,faible,chaud,30,moyen
2026-09-15,39.6,24.6,0.0,3,18.6,33.5,3,Souq Sebt Oulad Nemma,32.3125,-6.6875,Vent fort,faible,chaud,30,moyen
2026-09-16,35.6,20.7,0.0,0,15.3,26.6,1,Souq Sebt Oulad Nemma,32.3125,-6.6875,moyen,faible,chaud,30,moyen
2026-09-17,32.2,17.7,0.0,5,13.8,24.8,3,Souq Sebt Oulad Nemma,32.3125,-6.6875,moyen,faible,chaud,30,moyen
2026-09-15,31.9,22.5,0.0,8,20.8,34.6,3,Tabount,30.875,-6.9375,Vent fort,faible,chaud,30,moyen
2026-09-16,33.5,19.5,0.0,3,23.7,37.8,2,Tabount,30.875,-6.9375,Vent fort,faible,chaud,40,moyen
2026-09-17,32.5,20.2,0.8,25,18.5,30.6,80,Tabount,30.875,-6.9375,Vent fort,faible,chaud,30,moyen
2026-09-15,33.2,22.5,0.0,5,14.1,26.6,3,Tahannawt,31.375,-7.9375,moyen,faible,chaud,30,moyen
2026-09-16,30.7,18.6,0.0,0,16.0,30.6,2,Tahannawt,31.375,-7.9375,Vent fort,faible,chaud,30,moyen
2026-09-17,26.5,15.7,0.0,8,13.3,26.6,3,Tahannawt,31.375,-7.9375,moyen,faible,agreable,20,faible
2026-09-15,34.4,21.0,0.0,0,17.7,32.4,3,Tahla,34.0625,-4.4375,Vent fort,faible,chaud,30,moyen
2026-09-16,31.0,20.2,0.0,0,18.0,34.9,1,Tahla,34.0625,-4.4375,Vent fort,faible,chaud,30,moyen
2026-09-17,29.3,17.4,0.0,15,14.2,26.6,3,Tahla,34.0625,-4.4375,moyen,faible,agreable,20,faible
2026-09-15,37.5,25.5,0.0,8,21.9,36.4,3,Tameslouht,31.5,-8.125,Vent fort,faible,chaud,40,moyen
2026-09-16,34.3,21.6,0.0,0,18.8,31.3,0,Tameslouht,31.5,-8.125,Vent fort,faible,chaud,30,moyen
2026-09-17,29.6,18.2,0.0,0,13.3,22.7,2,Tameslouht,31.5,-8.125,moyen,faible,agreable,20,faible
2026-09-15,37.0,23.4,0.0,0,19.0,36.4,0,Tan-Tan,28.435852,-11.147736,Vent fort,faible,chaud,40,moyen
2026-09-16,31.1,20.7,0.0,0,25.1,46.4,0,Tan-Tan,28.435852,-11.147736,Vent fort,faible,chaud,40,moyen
2026-09-17,25.6,19.9,0.0,0,31.9,56.5,3,Tan-Tan,28.435852,-11.147736,Vent fort,faible,agreable,30,moyen
2026-09-15,30.8,21.5,0.0,0,13.2,30.2,0,Tangier,35.75,-5.8125,Vent fort,faible,chaud,30,moyen
2026-09-16,26.8,18.1,0.0,0,18.7,45.0,3,Tangier,35.75,-5.8125,Vent fort,faible,agreable,30,moyen
2026-09-17,26.1,16.6,0.0,0,12.0,28.8,3,Tangier,35.75,-5.8125,moyen,faible,agreable,20,faible
2026-09-15,32.7,19.0,0.0,0,23.0,37.4,3,Taourirt,34.4375,-2.875,Vent fort,faible,chaud,40,moyen
2026-09-16,34.5,18.7,0.0,0,22.4,36.0,1,Taourirt,34.4375,-2.875,Vent fort,faible,chaud,40,moyen
2026-09-17,29.6,19.2,0.0,8,26.2,43.6,3,Taourirt,34.4375,-2.875,Vent fort,faible,agreable,30,moyen
2026-09-15,40.9,27.7,0.0,10,20.8,43.6,3,Taroudannt,30.5,-8.875,Vent fort,faible,Chaleur Extrême,50,moyen
2026-09-16,37.0,24.1,0.0,0,22.4,45.4,1,Taroudannt,30.5,-8.875,Vent fort,faible,chaud,40,moyen
2026-09-17,30.6,19.4,0.0,0,25.8,51.1,3,Taroudannt,30.5,-8.875,Vent fort,faible,chaud,40,moyen
2026-09-15,34.1,19.5,0.0,0,14.9,29.2,3,Taza,34.25,-4.0,moyen,faible,chaud,30,moyen
2026-09-16,30.8,20.6,0.0,0,24.1,50.0,2,Taza,34.25,-4.0,Vent fort,faible,chaud,40,moyen
2026-09-17,30.3,17.6,0.0,8,11.8,25.2,3,Taza,34.25,-4.0,moyen,faible,chaud,30,moyen
2026-09-15,28.2,21.4,0.0,0,11.8,31.7,45,Temara,33.9375,-6.875,Vent fort,faible,agreable,20,faible
2026-09-16,26.0,20.2,0.0,0,15.5,40.0,2,Temara,33.9375,-6.875,Vent fort,faible,agreable,30,moyen
2026-09-17,26.0,19.2,0.0,0,12.5,33.5,3,Temara,33.9375,-6.875,Vent fort,faible,agreable,20,faible
2026-09-15,37.1,26.0,0.0,3,14.8,33.1,3,Temsia,30.375,-9.4375,Vent fort,faible,chaud,30,moyen
2026-09-16,31.5,22.3,0.0,0,17.0,37.8,1,Temsia,30.375,-9.4375,Vent fort,faible,chaud,40,moyen
2026-09-17,28.2,21.1,0.0,0,22.8,47.2,3,Temsia,30.375,-9.4375,Vent fort,faible,agreable,30,moyen
2026-09-15,38.0,26.0,0.0,8,23.3,38.2,1,Tifariti,26.18629,-10.559204,Vent fort,faible,chaud,40,moyen
2026-09-16,38.2,23.4,0.0,0,35.6,51.8,0,Tifariti,26.18629,-10.559204,Vent fort,faible,chaud,40,moyen
2026-09-17,31.8,18.2,0.0,0,36.1,52.6,0,Tifariti,26.18629,-10.559204,Vent fort,faible,chaud,40,moyen
2026-09-15,33.6,22.2,0.0,0,18.3,36.4,0,Tiflet,33.875,-6.3125,Vent fort,faible,chaud,40,moyen
2026-09-16,29.3,19.0,0.0,0,19.8,40.0,2,Tiflet,33.875,-6.3125,Vent fort,faible,agreable,30,moyen
2026-09-17,28.4,16.1,0.0,0,15.3,31.7,45,Tiflet,33.875,-6.3125,Vent fort,faible,agreable,20,faible
2026-09-15,32.2,22.5,0.0,38,42.1,67.0,3,Tineghir,31.5,-5.5625,Vent violent,faible,chaud,50,moyen
2026-09-16,31.7,19.1,0.0,5,32.6,51.5,2,Tineghir,31.5,-5.5625,Vent fort,faible,chaud,40,moyen
2026-09-17,29.4,19.1,0.7,43,14.9,31.3,80,Tineghir,31.5,-5.5625,Vent fort,faible,agreable,20,faible
2026-09-15,29.9,21.5,0.0,0,13.0,33.8,45,Tit Mellil,33.5625,-7.5,Vent fort,faible,agreable,20,faible
2026-09-16,26.3,20.3,0.0,0,15.0,38.2,45,Tit Mellil,33.5625,-7.5,Vent fort,faible,agreable,30,moyen
2026-09-17,26.1,19.0,0.0,0,13.4,35.3,3,Tit Mellil,33.5625,-7.5,Vent fort,faible,agreable,30,moyen
2026-09-15,36.7,26.7,0.0,0,21.3,34.2,1,Tiznit,29.6875,-9.75,Vent fort,faible,chaud,30,moyen
2026-09-16,32.5,22.1,0.0,0,22.0,35.6,2,Tiznit,29.6875,-9.75,Vent fort,faible,chaud,40,moyen
2026-09-17,23.7,19.6,0.0,0,23.7,38.5,3,Tiznit,29.6875,-9.75,Vent fort,faible,agreable,25,faible
2026-09-15,29.2,21.2,0.0,0,12.2,32.0,2,Tétouan,35.5625,-5.375,Vent fort,faible,agreable,20,faible
2026-09-16,33.6,19.4,0.0,0,26.5,61.2,2,Tétouan,35.5625,-5.375,Vent violent,faible,chaud,50,moyen
2026-09-17,27.5,14.8,0.0,0,11.6,29.5,3,Tétouan,35.5625,-5.375,moyen,faible,froid,20,faible
2026-09-15,31.6,21.9,0.0,8,20.4,36.0,3,Warzat,30.9375,-6.9375,Vent fort,faible,chaud,40,moyen
2026-09-16,33.2,18.3,0.0,3,23.1,40.3,1,Warzat,30.9375,-6.9375,Vent fort,faible,chaud,40,moyen
2026-09-17,32.1,19.2,0.6,25,14.0,26.6,80,Warzat,30.9375,-6.9375,moyen,faible,chaud,30,moyen
2026-09-15,37.4,24.6,0.0,3,24.8,50.4,3,Youssoufia,32.25,-8.5,Vent fort,faible,chaud,40,moyen
2026-09-16,31.5,19.6,0.0,0,20.6,41.8,1,Youssoufia,32.25,-8.5,Vent fort,faible,chaud,40,moyen
2026-09-17,28.7,17.1,0.0,0,18.2,38.2,3,Youssoufia,32.25,-8.5,Vent fort,faible,agreable,30,moyen
2026-09-15,36.9,26.2,0.0,5,19.3,44.3,3,Zagora,30.3125,-5.8125,Vent fort,faible,chaud,40,moyen
2026-09-16,37.5,23.2,0.0,3,11.0,19.1,2,Zagora,30.3125,-5.8125,moyen,faible,chaud,15,faible
2026-09-17,34.0,26.3,0.4,13,15.8,42.5,3,Zagora,30.3125,-5.8125,Vent fort,faible,chaud,40,moyen
2026-09-15,36.0,20.5,0.0,5,19.3,35.3,3,Zawyat Ech Cheïkh,32.6875,-5.9375,Vent fort,faible,chaud,40,moyen
2026-09-16,32.0,17.0,0.0,0,13.4,25.2,0,Zawyat Ech Cheïkh,32.6875,-5.9375,moyen,faible,chaud,30,moyen
2026-09-17,30.4,16.6,0.0,5,14.4,27.4,3,Zawyat Ech Cheïkh,32.6875,-5.9375,moyen,faible,chaud,30,moyen
2026-09-15,30.3,18.6,0.0,0,10.5,25.2,3,Zaïo,34.9375,-2.75,moyen,faible,chaud,30,moyen
2026-09-16,33.3,19.6,0.0,0,13.2,26.3,2,Zaïo,34.9375,-2.75,moyen,faible,chaud,30,moyen
2026-09-17,27.1,19.6,0.0,1,17.1,32.4,3,Zaïo,34.9375,-2.75,Vent fort,faible,agreable,20,faible
2026-09-15,28.4,19.7,0.0,0,12.4,24.5,45,Zeghanghane,35.125,-3.0,moyen,faible,agreable,20,faible
2026-09-16,31.9,18.8,0.0,3,10.6,19.1,1,Zeghanghane,35.125,-3.0,moyen,faible,chaud,15,faible
2026-09-17,26.9,18.8,0.0,5,16.6,33.1,3,Zeghanghane,35.125,-3.0,Vent fort,faible,agreable,20,faible
